id,conversation_id,created_at,date,time,timezone,user_id,username,name,place,tweet,language,mentions,urls,photos,replies_count,retweets_count,likes_count,hashtags,cashtags,link,retweet,quote_url,video,thumbnail,near,geo,source,user_rt_id,user_rt,retweet_id,reply_to,retweet_date,translate,trans_src,trans_dest
1.48313E+18,1.48286E+18,2022-01-17 11:50:04 Central Standard Time,1/17/22,11:50:04,-600,138203134,aoc,Alexandria Ocasio-Cortez,,@kurtbardella Thanks Kurt. Your comment is deeply meaningful as Chair Cummings was a profound influence and mentor in the time we had together. There are no words for how special and powerful of a spirit he was. He‚Äôs in my heart today.,en,['kurtbardella'],[],[],22,58,606,[],[],https://twitter.com/AOC/status/1483134541359644672,,,0,,,,,,,,"{'user_id': '18208368', 'username': 'kurtbardella'}",,,,
1.48144E+18,1.48144E+18,2022-01-12 19:52:14 Central Standard Time,1/12/22,19:52:14,-600,138203134,aoc,Alexandria Ocasio-Cortez,,Find it here: https://t.co/K6JXmCH2Vh,en,[],['https://couragetochangepac.org'],[],222,209,1550,[],[],https://twitter.com/AOC/status/1481443942986133509,,,0,,,,,,,,"{'user_id': '138203134', 'username': 'AOC'}",,,,
1.48144E+18,1.48144E+18,2022-01-12 19:50:17 Central Standard Time,1/12/22,19:50:17,-600,138203134,aoc,Alexandria Ocasio-Cortez,,"Are you running/thinking of running in a local election (ex: council race) to help make things better?

I want to help - especially in tackling our housing crisis. We need people running everywhere. Check out our @CouragetoChange endorsement page to learn more.

Good luck! üó≥",en,['couragetochange'],[],[],770,1132,7282,[],[],https://twitter.com/AOC/status/1481443451896045569,,https://twitter.com/JCColtin/status/1481347940035743747,0,,,,,,,,"{'user_id': None, 'username': None}",,,,
1.47876E+18,1.47876E+18,2022-01-05 09:59:41 Central Standard Time,1/5/22,9:59:41,-600,138203134,aoc,Alexandria Ocasio-Cortez,,"The suggestion that any job is ‚Äúlow skill‚Äù is a myth perpetuated by wealthy interests to justify inhumane working conditions, little/no healthcare, and low wages.

Plus being a waitress has made me and many others *better* at our jobs than those who‚Äôve never known that life.",en,[],[],[],7372,13830,101922,[],[],https://twitter.com/AOC/status/1478758105999679490,,https://twitter.com/AchmatX/status/1478455659054223366,0,,,,,,,,"{'user_id': None, 'username': None}",,,,
1.47729E+18,1.47729E+18,2022-01-01 09:00:04 Central Standard Time,1/1/22,9:00:04,-600,138203134,aoc,Alexandria Ocasio-Cortez,,"Happy New Year everyone üéäü™Ö may we all enjoy a meaningful, healthy, and blessed year to come.",en,[],[],[],6374,4318,101231,[],[],https://twitter.com/AOC/status/1477293553655193603,,,0,,,,,,,,"{'user_id': None, 'username': None}",,,,
1.47701E+18,1.47701E+18,2021-12-31 14:06:11 Central Standard Time,12/31/21,14:06:11,-600,138203134,aoc,Alexandria Ocasio-Cortez,,"The fact that these people are so creepy/weird yet are also the ones responsible for shaping the NEWS HEADLINES we all see in media should be really concerning. 

I don‚Äôt even want to know what knuckle-dragging thoughts these people have all day while covering women in politics",en,[],[],[],3752,1854,38447,[],[],https://twitter.com/AOC/status/1477008202629795842,,,0,,,,,,,,"{'user_id': '138203134', 'username': 'AOC'}",,,,
1.47701E+18,1.47701E+18,2021-12-31 13:57:14 Central Standard Time,12/31/21,13:57:14,-600,138203134,aoc,Alexandria Ocasio-Cortez,,"I‚Äôm glad you felt the need to share that with the world.

Don‚Äôt worry, this is a totally normal thought to have and share as an editor of a right-wing website, and totally doesn‚Äôt prove my point at all.

I hear if you say it enough times you‚Äôll actually start to believe it üòå",en,[],[],[],6678,3857,79107,[],[],https://twitter.com/AOC/status/1477005949181341701,,https://twitter.com/ighaworth/status/1477002294965198857,0,,,,,,,,"{'user_id': None, 'username': None}",,,,
1.477E+18,1.477E+18,2021-12-31 13:46:21 Central Standard Time,12/31/21,13:46:21,-600,138203134,aoc,Alexandria Ocasio-Cortez,,"It‚Äôs starting to get old ignoring the very obvious, strange, and deranged sexual frustrations that underpin the Republican fixation on me, women,&amp; LGBT+ people in general.

These people clearly need therapy, won‚Äôt do it, and use politics as their outlet instead. It‚Äôs really weird",en,[],[],[],14535,6479,96983,[],[],https://twitter.com/AOC/status/1477003212234371072,,,0,,,,,,,,"{'user_id': '138203134', 'username': 'AOC'}",,,,
1.477E+18,1.477E+18,2021-12-31 13:35:27 Central Standard Time,12/31/21,13:35:27,-600,138203134,aoc,Alexandria Ocasio-Cortez,,"If Republicans are mad they can‚Äôt date me they can just say that instead of projecting their sexual frustrations onto my boyfriend‚Äôs feet.

Ya creepy weirdos",en,[],[],[],25487,13679,179002,[],[],https://twitter.com/AOC/status/1477000469318885385,,https://twitter.com/CortesSteve/status/1476913054587797507,0,,,,,,,,"{'user_id': None, 'username': None}",,,,
1.477E+18,1.477E+18,2021-12-31 13:32:25 Central Standard Time,12/31/21,13:32:25,-600,138203134,aoc,Alexandria Ocasio-Cortez,,I‚Äôd also be happy to share some notes from @GovKathyHochul‚Äôs work in NY since he seems to be in need of tips!,en,['govkathyhochul'],[],[],4078,942,19500,[],[],https://twitter.com/AOC/status/1476999703791296515,,,0,,,,,,,,"{'user_id': '138203134', 'username': 'AOC'}",,,,
1.477E+18,1.477E+18,2021-12-31 13:30:28 Central Standard Time,12/31/21,13:30:28,-600,138203134,aoc,Alexandria Ocasio-Cortez,,"Hasn‚Äôt Gov. DeSantis been inexplicably missing for like 2 weeks?

If he‚Äôs around, I would be happy to say hello. His social media team seems to have been posting old photos for weeks.

In the meantime, perhaps I could help with local organizing. Folks are quite receptive here :)",en,[],[],[],13522,6037,65861,[],[],https://twitter.com/AOC/status/1476999212369948673,,https://twitter.com/teamrondesantis/status/1476767929064693766,0,,,,,,,,"{'user_id': None, 'username': None}",,,,
1.47603E+18,1.47603E+18,2021-12-28 21:29:29 Central Standard Time,12/28/21,21:29:29,-600,138203134,aoc,Alexandria Ocasio-Cortez,,"Sometimes, in a quiet or difficult moment, Harry Reid would reach out. It was like he knew.

His counsel, encouragement, kindness, and generosity was so deeply moving. It was sincere. And I will never forget it.

Thank you, Senator Reid. Wishing peace and strength to his family.",en,[],[],[],1929,4475,75519,[],[],https://twitter.com/AOC/status/1476032599986520067,,,0,,,,,,,,"{'user_id': None, 'username': None}",,,,
1.4751E+18,1.47497E+18,2021-12-26 07:36:14 Central Standard Time,12/26/21,7:36:14,-600,138203134,aoc,Alexandria Ocasio-Cortez,,@Corpse_Husband With the sriracha sauce though üë©üèΩ‚Äçüç≥,en,['corpse_husband'],[],[],60,40,8498,[],[],https://twitter.com/AOC/status/1475098126935638020,,,0,,,,,,,,"{'user_id': '3409123967', 'username': 'Corpse_Husband'}",,,,
1.47497E+18,1.47497E+18,2021-12-25 23:09:52 Central Standard Time,12/25/21,23:09:52,-600,138203134,aoc,Alexandria Ocasio-Cortez,,Protip: Do not do this ü§£,en,[],[],[],1645,1651,65948,[],[],https://twitter.com/AOC/status/1474970695612661760,,https://twitter.com/NaureenAkhter/status/1474940458841395201,0,,,,,,,,"{'user_id': None, 'username': None}",,,,
1.47413E+18,1.47413E+18,2021-12-23 15:48:40 Central Standard Time,12/23/21,15:48:40,-600,138203134,aoc,Alexandria Ocasio-Cortez,,"I truly will never adjust to how normal it is in our country to completely dehumanize people once they fall below a certain income.

This is a fmr police commissioner talking about ppl like furniture or animals when his job ostensibly was to protect them too. Telling on himself.",en,[],[],[],1103,2577,27730,[],[],https://twitter.com/AOC/status/1474134887984680965,,,0,,,,,,,,"{'user_id': '138203134', 'username': 'AOC'}",,,,
1.47413E+18,1.47413E+18,2021-12-23 15:41:06 Central Standard Time,12/23/21,15:41:06,-600,138203134,aoc,Alexandria Ocasio-Cortez,,"It‚Äôs truly frustrating that Dems &amp; GOP alike water this down into some non-evidence based electoral boogey monster.

Nobody wants to live with these conditions, yet nobody wants to challenge the systems and decisions creating them. Don‚Äôt complain if you want more of the same $.",en,[],[],[],416,1215,20429,[],[],https://twitter.com/AOC/status/1474132985913958400,,,0,,,,,,,,"{'user_id': '138203134', 'username': 'AOC'}",,,,
1.47413E+18,1.47413E+18,2021-12-23 15:29:40 Central Standard Time,12/23/21,15:29:40,-600,138203134,aoc,Alexandria Ocasio-Cortez,,"Also, ‚Äúwhy should working people be subjected to this?‚Äù ‚Äî 

1. Homeless people often ARE working people, veterans, and/or disabled

2. Why should THESE folks be subjected to unnecessary homelessness in one of the richest cities in the world where 1000s of apartments are vacant?",en,[],[],[],392,1686,20232,[],[],https://twitter.com/AOC/status/1474130107560247304,,,0,,,,,,,,"{'user_id': '138203134', 'username': 'AOC'}",,,,
1.47413E+18,1.47413E+18,2021-12-23 15:27:05 Central Standard Time,12/23/21,15:27:05,-600,138203134,aoc,Alexandria Ocasio-Cortez,,"Of course they‚Äôre frustrated. It‚Äôs not policing‚Äôs job or purpose to address housing, provide healthcare or counseling, or solve the reasons people sleep on the subway.

Maybe if we shifted some of that $11B/year spent on robo dogs to housing services we could get somewhere.",en,[],[],[],1858,7165,67004,[],[],https://twitter.com/AOC/status/1474129460177903622,,https://twitter.com/CommissBratton/status/1473666832460513280,0,,,,,,,,"{'user_id': None, 'username': None}",,,,
1.47387E+18,1.47386E+18,2021-12-22 22:18:54 Central Standard Time,12/22/21,22:18:54,-600,138203134,aoc,Alexandria Ocasio-Cortez,,@thefawz @kausartheperson Ummmm this sounds amazing. Chaiquito!,en,"['thefawz', 'kausartheperson']",[],[],12,6,157,[],[],https://twitter.com/AOC/status/1473870707545280514,,,0,,,,,,,,"{'user_id': '26880484', 'username': 'thefawz'}",,,,
1.47382E+18,1.47382E+18,2021-12-22 18:58:32 Central Standard Time,12/22/21,18:58:32,-600,138203134,aoc,Alexandria Ocasio-Cortez,,"Okay, let‚Äôs see what everybody‚Äôs got.

Drop the best coquito recipe you know üç∂üáµüá∑ ‚¨áÔ∏è",en,[],[],[],2092,1146,19601,[],[],https://twitter.com/AOC/status/1473820283891036170,,,0,,,,,,,,"{'user_id': None, 'username': None}",,,,
1.47376E+18,1.47376E+18,2021-12-22 15:11:50 Central Standard Time,12/22/21,15:11:50,-600,138203134,aoc,Alexandria Ocasio-Cortez,,@WalterTheWhites You should be! Thank you!,en,['walterthewhites'],[],[],3,3,111,[],[],https://twitter.com/AOC/status/1473763232015863810,,,0,,,,,,,,"{'user_id': '835227545964535809', 'username': 'WalterTheWhites'}",,,,
1.47376E+18,1.47376E+18,2021-12-22 15:10:38 Central Standard Time,12/22/21,15:10:38,-600,138203134,aoc,Alexandria Ocasio-Cortez,,@jeremystamper56 Whatever it takes üòå,en,['jeremystamper56'],[],[],4,2,90,[],[],https://twitter.com/AOC/status/1473762932601368577,,,0,,,,,,,,"{'user_id': '4604186435', 'username': 'jeremystamper56'}",,,,
1.47376E+18,1.47376E+18,2021-12-22 15:10:17 Central Standard Time,12/22/21,15:10:17,-600,138203134,aoc,Alexandria Ocasio-Cortez,,@dangallo23 Love it,en,['dangallo23'],[],[],1,2,50,[],[],https://twitter.com/AOC/status/1473762840578297873,,,0,,,,,,,,"{'user_id': '178046354', 'username': 'dangallo23'}",,,,
1.47376E+18,1.47376E+18,2021-12-22 15:08:55 Central Standard Time,12/22/21,15:08:55,-600,138203134,aoc,Alexandria Ocasio-Cortez,,@sirclinksalot üëèüèΩüëèüèΩüëèüèΩ,und,['sirclinksalot'],[],[],2,2,77,[],[],https://twitter.com/AOC/status/1473762499828895754,,,0,,,,,,,,"{'user_id': '36287329', 'username': 'sirclinksalot'}",,,,
1.47376E+18,1.47376E+18,2021-12-22 15:07:21 Central Standard Time,12/22/21,15:07:21,-600,138203134,aoc,Alexandria Ocasio-Cortez,,This is the second time in a few hours I‚Äôve heard of daughters being the ones to get their dads to take the shot. üòå‚ô•Ô∏è warms my heart,en,[],[],[],528,704,17437,[],[],https://twitter.com/AOC/status/1473762106239504385,,https://twitter.com/GrimKim/status/1473729400596275203,0,,,,,,,,"{'user_id': None, 'username': None}",,,,
1.47376E+18,1.47371E+18,2021-12-22 14:41:00 Central Standard Time,12/22/21,14:41:00,-600,138203134,aoc,Alexandria Ocasio-Cortez,,@NYTWA ‚ô•Ô∏èüöï‚ô•Ô∏è,und,['nytwa'],[],[],10,10,171,[],[],https://twitter.com/AOC/status/1473755473652428804,,,0,,,,,,,,"{'user_id': '182884481', 'username': 'NYTWA'}",,,,
1.47373E+18,1.47372E+18,2021-12-22 13:18:39 Central Standard Time,12/22/21,13:18:39,-600,138203134,aoc,Alexandria Ocasio-Cortez,,@KahliefAdams Thank you so much! We‚Äôre planning to do more on Twitch soon so let‚Äôs talk üëæ,en,['kahliefadams'],[],[],26,16,620,[],[],https://twitter.com/AOC/status/1473734749810315279,,,0,,,,,,,,"{'user_id': '27717235', 'username': 'KahliefAdams'}",,,,
1.47373E+18,1.47373E+18,2021-12-22 13:10:09 Central Standard Time,12/22/21,13:10:09,-600,138203134,aoc,Alexandria Ocasio-Cortez,,Thank you! Next step: cancellation,en,[],[],[],4154,12063,129609,[],[],https://twitter.com/AOC/status/1473732611872899073,,https://twitter.com/POTUS/status/1473721877654867969,0,,,,,,,,"{'user_id': None, 'username': None}",,,,
1.47371E+18,1.47371E+18,2021-12-22 11:38:00 Central Standard Time,12/22/21,11:38:00,-600,138203134,aoc,Alexandria Ocasio-Cortez,,ADELANTE üéâüéâ,pt,[],[],[],145,246,2453,[],[],https://twitter.com/AOC/status/1473709419183718415,,https://twitter.com/Redistrict/status/1473702345548742656,0,,,,,,,,"{'user_id': None, 'username': None}",,,,
1.4737E+18,1.47369E+18,2021-12-22 11:09:47 Central Standard Time,12/22/21,11:09:47,-600,138203134,aoc,Alexandria Ocasio-Cortez,,@mcbyrne @Grace4NY Thanks for tagging - @hannahdreier do you happen to know what area/neighborhood of Queens Mr. Liu is from? We‚Äôve worked with FEMA to address this exact issue and have helped many people w/ similar cases find a resolution. Happy to engage or team up with @Grace4NY to help,en,"['mcbyrne', 'grace4ny', 'hannahdreier', 'grace4ny']",[],[],14,38,1009,[],[],https://twitter.com/AOC/status/1473702317807525894,,,0,,,,,,,,"{'user_id': '14372270', 'username': 'mcbyrne'}",,,,
1.47369E+18,1.47369E+18,2021-12-22 10:35:50 Central Standard Time,12/22/21,10:35:50,-600,138203134,aoc,Alexandria Ocasio-Cortez,,"Instead of clickbait with guns in front of Christmas trees, we decided to actually tell you what we accomplished for the community and country this year. üòå

Here‚Äôs our 21 wins for 2021 üéÜ",en,[],[],[],6869,10961,74446,[],[],https://twitter.com/AOC/status/1473693773196632072,,https://twitter.com/MollyJongFast/status/1473498561585336325,0,,,,,,,,"{'user_id': None, 'username': None}",,,,
1.47342E+18,1.47342E+18,2021-12-21 16:19:06 Central Standard Time,12/21/21,16:19:06,-600,138203134,aoc,Alexandria Ocasio-Cortez,,"We‚Äôre back-back-back again!

Despite the challenges, we‚Äôve accomplished so much together over the past year. Thank you to EVERYONE who zoomed, taught, organized, and built community with us.

Without further ado: 21 wins for 2021.
Want to join for ‚Äò22? ‚û°Ô∏è https://t.co/0o7guZ7Hbm https://t.co/ByOpLRj1uf",en,[],['http://ocasiocortez.com'],[],832,1673,10847,[],[],https://twitter.com/AOC/status/1473417773372030981,,,1,https://pbs.twimg.com/amplify_video_thumb/1473414109798576137/img/n-INT4QKzE7eWuq6.jpg,,,,,,,"{'user_id': None, 'username': None}",,,,
1.47341E+18,1.47341E+18,2021-12-21 15:59:55 Central Standard Time,12/21/21,15:59:55,-600,138203134,aoc,Alexandria Ocasio-Cortez,,"We can change decisions and conditions. We just did with the idea of sending out millions of free at-home COVID tests - initially laughed at, yet now it‚Äôs happening.

We can do it again. Tens of millions will get relief. It‚Äôs time for @POTUS to #CancelStudentDebt.",en,['potus'],[],[],1218,4770,33798,['cancelstudentdebt'],[],https://twitter.com/AOC/status/1473412943631077382,,https://twitter.com/mstratford/status/1473361814071226370,0,,,,,,,,"{'user_id': None, 'username': None}",,,,
1.47296E+18,1.47295E+18,2021-12-20 09:47:41 Central Standard Time,12/20/21,9:47:41,-600,138203134,aoc,Alexandria Ocasio-Cortez,,"Biden needs to lean on his executive authority now. He has been delaying and underutilizing it so far. There is an enormous amount he can do on climate, student debt, immigration, cannabis, health care, and more.

Time is running out - we need to move and use alternative paths.",en,[],[],[],1578,3742,30788,[],[],https://twitter.com/AOC/status/1472956882113503236,,,0,,,,,,,,"{'user_id': '138203134', 'username': 'AOC'}",,,,
1.47295E+18,1.47295E+18,2021-12-20 09:36:51 Central Standard Time,12/20/21,9:36:51,-600,138203134,aoc,Alexandria Ocasio-Cortez,,"When we suggested this months ago, people were outraged, accused us of insulting people‚Äôs character, called us disruptive, etc

Capitol Hill is full of folks who convince themselves they‚Äôre 3 steps ahead by rationalizing to themselves why the obvious isn‚Äôt true. A hustler‚Äôs dream",en,[],[],[],1347,5927,39546,[],[],https://twitter.com/AOC/status/1472954156071727105,,https://twitter.com/taragolshan/status/1472950062531629060,0,,,,,,,,"{'user_id': None, 'username': None}",,,,
1.47293E+18,1.47293E+18,2021-12-20 08:17:03 Central Standard Time,12/20/21,8:17:03,-600,138203134,aoc,Alexandria Ocasio-Cortez,,"With BBB delayed, Child Tax Credits will expire and student loans will restart within a matter of weeks. Working families could lose thousands of $/mo just as prices are rising.

That alone is reason for @POTUS to act on student loans ASAP - w/ either moratorium or cancellation.",en,['potus'],[],[],5771,13274,85459,[],[],https://twitter.com/AOC/status/1472934072133562369,,,0,,,,,,,,"{'user_id': None, 'username': None}",,,,
1.47293E+18,1.47293E+18,2021-12-20 07:56:57 Central Standard Time,12/20/21,7:56:57,-600,138203134,aoc,Alexandria Ocasio-Cortez,,"@fred_guttenberg @Morning_Joe Thank you Fred and likewise. We all will disagree at some point or another, it‚Äôs healthy and normal when we all have similar goals and different ways to get there. Here‚Äôs to making more common ground in the future.",en,"['fred_guttenberg', 'morning_joe']",[],[],99,220,5686,[],[],https://twitter.com/AOC/status/1472929013396131845,,,0,,,,,,,,"{'user_id': '967027984426242053', 'username': 'fred_guttenberg'}",,,,
1.47279E+18,1.47279E+18,2021-12-19 22:39:22 Central Standard Time,12/19/21,22:39:22,-600,138203134,aoc,Alexandria Ocasio-Cortez,,Yup,und,[],[],[],428,954,10094,[],[],https://twitter.com/AOC/status/1472788696420302848,,https://twitter.com/kenyonfarrow/status/1472628763649269767,0,,,,,,,,"{'user_id': None, 'username': None}",,,,
1.47279E+18,1.47279E+18,2021-12-19 22:27:27 Central Standard Time,12/19/21,22:27:27,-600,138203134,aoc,Alexandria Ocasio-Cortez,,"¬°Felicidades, @gabrielboric! üá®üá±",pt,['gabrielboric'],[],[],405,3531,22664,[],[],https://twitter.com/AOC/status/1472785696976945153,,https://twitter.com/gabrielboric/status/1472704200568152066,0,,,,,,,,"{'user_id': None, 'username': None}",,,,
1.47272E+18,1.47272E+18,2021-12-19 18:04:46 Central Standard Time,12/19/21,18:04:46,-600,138203134,aoc,Alexandria Ocasio-Cortez,,"The fact that Biden has the power to provide student debt relief to millions, had to be forced into extending the eviction moratorium,&amp; has yet to aggressively campaign against the filibuster shows us he has more power than he‚Äôs using. 

It‚Äôs time to take off the gloves &amp; govern.",en,[],[],[],4478,14128,112730,[],[],https://twitter.com/AOC/status/1472719589486301189,,,0,,,,,,,,"{'user_id': None, 'username': None}",,,,
1.47267E+18,1.47267E+18,2021-12-19 14:58:13 Central Standard Time,12/19/21,14:58:13,-600,138203134,aoc,Alexandria Ocasio-Cortez,,"100% agree. The Senate must reconvene immediately and bring BBB to a vote regardless of Manchin‚Äôs statement. 

If they forced folks to go on record with BIF, they can force the Senate to go on record with BBB. We can take it up again next year too.

@AyannaPressley is right on.",en,['ayannapressley'],[],[],1351,4753,26181,[],[],https://twitter.com/AOC/status/1472672642473811971,,https://twitter.com/AndrewSolender/status/1472668007801372674,0,,,,,,,,"{'user_id': None, 'username': None}",,,,
1.47265E+18,1.47265E+18,2021-12-19 13:17:48 Central Standard Time,12/19/21,13:17:48,-600,138203134,aoc,Alexandria Ocasio-Cortez,,That part ‚¨áÔ∏è,en,[],[],[],1790,3601,31308,[],[],https://twitter.com/AOC/status/1472647373377654787,,https://twitter.com/Sifill_LDF/status/1472586851814981641,0,,,,,,,,"{'user_id': None, 'username': None}",,,,
1.47265E+18,1.47264E+18,2021-12-19 13:12:43 Central Standard Time,12/19/21,13:12:43,-600,138203134,aoc,Alexandria Ocasio-Cortez,,"@jaytay777 No, thankfully it doesn‚Äôt have to pass House again next year. House terms are 2 years, so anything the House passed in 2021 can be picked up by the Senate through ‚Äò22.

When a new House is sworn in after the midterms (Jan ‚Äò23) is when bills must be reintroduced &amp; voted on again",en,['jaytay777'],[],[],5,16,56,[],[],https://twitter.com/AOC/status/1472646090331672582,,,0,,,,,,,,"{'user_id': '17915108', 'username': 'jaytay777'}",,,,
1.47264E+18,1.47264E+18,2021-12-19 13:05:27 Central Standard Time,12/19/21,13:05:27,-600,138203134,aoc,Alexandria Ocasio-Cortez,,"But if that not the case rules-wise, then we aren‚Äôt docked a recon ‚Äúslot‚Äù but what we  do lose is very precious and critical time to pass one last recon bill before the midterms

Either way,midterms-wise much of that is moot if we don‚Äôt break filibuster to pass voting rights ASAP",en,[],[],[],156,325,3335,[],[],https://twitter.com/AOC/status/1472644262055587844,,,0,,,,,,,,"{'user_id': '138203134', 'username': 'AOC'}",,,,
1.47264E+18,1.47264E+18,2021-12-19 12:59:53 Central Standard Time,12/19/21,12:59:53,-600,138203134,aoc,Alexandria Ocasio-Cortez,,"@ncweaver Even if you could get 10 Republicans, the problem as I explained above is that there is only 1 vote allowed left this year per Senate rules. It‚Äôs not a political problem, it‚Äôs a procedure/rules problem.",en,['ncweaver'],[],[],36,39,519,[],[],https://twitter.com/AOC/status/1472642861367705605,,,0,,,,,,,,"{'user_id': '2427244933', 'username': 'ncweaver'}",,,,
1.47264E+18,1.47264E+18,2021-12-19 12:56:56 Central Standard Time,12/19/21,12:56:56,-600,138203134,aoc,Alexandria Ocasio-Cortez,,"That‚Äôs also why passing this before the new year was/is so important - delaying could cost us a major item in the President‚Äôs agenda next yr.

Unless we break the filibuster. In that case, it could still cost us a recon slot but at least lets us move on voting rights +other items",en,[],[],[],125,387,3927,[],[],https://twitter.com/AOC/status/1472642120133586960,,,0,,,,,,,,"{'user_id': '138203134', 'username': 'AOC'}",,,,
1.47264E+18,1.47264E+18,2021-12-19 12:52:14 Central Standard Time,12/19/21,12:52:14,-600,138203134,aoc,Alexandria Ocasio-Cortez,,"If we only get 2 recon bills per year, and BBB was supposed to be the 2nd recon of 2021, does pushing ‚Äúroll it over‚Äù or does the Senate clock restart in 22, BBB is erased as the 2nd 2021 bill, &amp; Dems now only have 2 swings left instead of 3? Likely the latter but not confirmed",en,[],[],[],80,228,2286,[],[],https://twitter.com/AOC/status/1472640937155350532,,,0,,,,,,,,"{'user_id': '138203134', 'username': 'AOC'}",,,,
1.47264E+18,1.47264E+18,2021-12-19 12:48:49 Central Standard Time,12/19/21,12:48:49,-600,138203134,aoc,Alexandria Ocasio-Cortez,,"What makes the choice to push even more harmful (potentially) is that if BBB gets pushed to next year, it raises the question if that decision effectively erases 1 of Biden‚Äôs 4 chances to pass major legislation before the midterms barring action on filibuster -",en,[],[],[],80,257,2463,[],[],https://twitter.com/AOC/status/1472640079382425603,,,0,,,,,,,,"{'user_id': '138203134', 'username': 'AOC'}",,,,
1.47264E+18,1.47262E+18,2021-12-19 12:32:33 Central Standard Time,12/19/21,12:32:33,-600,138203134,aoc,Alexandria Ocasio-Cortez,,"We, as always, are here to fight for this agenda. What matters most to us is that it gets done. But we cannot just shrug our shoulders and accept this as some Charlie Brown moment.

Our entire democracy is on the line. So we need to get back in there &amp; get this sh*t done. Period",en,[],[],[],888,2234,20036,[],[],https://twitter.com/AOC/status/1472635983019528204,,,0,,,,,,,,"{'user_id': '138203134', 'username': 'AOC'}",,,,
1.47263E+18,1.47262E+18,2021-12-19 12:22:56 Central Standard Time,12/19/21,12:22:56,-600,138203134,aoc,Alexandria Ocasio-Cortez,,"People can be mad at Manchin all they want, but we knew he would do this months ago.

Where we need answers from are the leaders who promised a path on BBB if BIF passed: Biden &amp; Dem leaders. *They* chose to move BIF alone instead of w/ BBB, not Manchin.

So they need to fix it.",en,[],[],[],555,3345,23343,[],[],https://twitter.com/AOC/status/1472633562960740354,,,0,,,,,,,,"{'user_id': '138203134', 'username': 'AOC'}",,,,
1.47263E+18,1.47262E+18,2021-12-19 12:14:13 Central Standard Time,12/19/21,12:14:13,-600,138203134,aoc,Alexandria Ocasio-Cortez,,"Some of us don‚Äôt have the luxury of giving up. We serve working, middle class, &amp; poor people. We serve everyday workers getting ripped off &amp; immigrants &amp; Black communities &amp; queer kids needing shelter. We will not walk away from them. And leadership can‚Äôt walk from them either.",en,[],[],[],648,1692,16066,[],[],https://twitter.com/AOC/status/1472631369788534795,,,0,,,,,,,,"{'user_id': '138203134', 'username': 'AOC'}",,,,
1.47263E+18,1.47262E+18,2021-12-19 11:58:03 Central Standard Time,12/19/21,11:58:03,-600,138203134,aoc,Alexandria Ocasio-Cortez,,"To every member who brought up Manchin, they personally promised they had a solution &amp; BBB would pass.

It is simply not an option for Dem leaders to walk from BBB, voting rights, etc. They must find a way, just as they promised they would when we raised this inevitability",en,[],[],[],326,1763,15653,[],[],https://twitter.com/AOC/status/1472627300286017547,,,0,,,,,,,,"{'user_id': '138203134', 'username': 'AOC'}",,,,
1.47263E+18,1.47262E+18,2021-12-19 11:54:10 Central Standard Time,12/19/21,11:54:10,-600,138203134,aoc,Alexandria Ocasio-Cortez,,"Either way, we cannot accept no for an answer. Dem leadership - incl but not limited to the President himself and House Dem leadership - wrote a massive check on their credibility the night of the BIF vote in order to secure the votes they needed, *promising* passage of BBB‚Ä¶",en,[],[],[],439,1535,14560,[],[],https://twitter.com/AOC/status/1472626324040982528,,,0,,,,,,,,"{'user_id': '138203134', 'username': 'AOC'}",,,,
1.47262E+18,1.47262E+18,2021-12-19 11:48:14 Central Standard Time,12/19/21,11:48:14,-600,138203134,aoc,Alexandria Ocasio-Cortez,,"When a handful of us in the House warned this would happen if Dem leaders gave Manchin everything he wanted 1st by moving BIF before BBB instead of passing together, many ridiculed our position.

Maybe they‚Äôll believe us next time. Or maybe people will just keep calling us na√Øve.",en,[],[],[],4083,12305,73432,[],[],https://twitter.com/AOC/status/1472624829362757634,,https://twitter.com/burgessev/status/1472569077222846472,0,,,,,,,,"{'user_id': None, 'username': None}",,,,
1.47202E+18,1.47201E+18,2021-12-17 19:36:22 Central Standard Time,12/17/21,19:36:22,-600,138203134,aoc,Alexandria Ocasio-Cortez,,"Ppl rag on Congress‚Äô salary &amp;it‚Äôs easy to score political points on it, but many don‚Äôt know it requires paying 2 rents, can‚Äôt deduct work costs, etc

Result is grand gestures to tout that they/staff aren‚Äôt getting COLA adjustments, but then trading stock to make up for it -worse!",en,[],[],[],551,655,8462,[],[],https://twitter.com/AOC/status/1472017864139935750,,,0,,,,,,,,"{'user_id': '138203134', 'username': 'AOC'}",,,,
1.47201E+18,1.47201E+18,2021-12-17 18:58:57 Central Standard Time,12/17/21,18:58:57,-600,138203134,aoc,Alexandria Ocasio-Cortez,,"What‚Äôs worse is that many who engage in these practices publicly tout not approving cost of living or MRA increases in the leg branch as a way of claiming ‚Äúfiscal responsibility,‚Äù yet compensate by engaging in this highly questionable trading. It incentivizes this bad behavior",en,[],[],[],211,1045,13130,[],[],https://twitter.com/AOC/status/1472008447814217728,,,0,,,,,,,,"{'user_id': '138203134', 'username': 'AOC'}",,,,
1.47201E+18,1.47201E+18,2021-12-17 18:54:01 Central Standard Time,12/17/21,18:54:01,-600,138203134,aoc,Alexandria Ocasio-Cortez,,"There is no reason members of Congress should hold and trade individual stock when we write major policy and have access to sensitive information.

There are many ways members can invest w/o creating actual or appeared conflict of interest,like thrift savings plans or index funds",en,[],[],[],2104,7277,52254,[],[],https://twitter.com/AOC/status/1472007207449513985,,https://twitter.com/waltshaub/status/1471972092979597319,0,,,,,,,,"{'user_id': None, 'username': None}",,,,
1.47195E+18,1.47195E+18,2021-12-17 15:05:28 Central Standard Time,12/17/21,15:05:28,-600,138203134,aoc,Alexandria Ocasio-Cortez,,"Good thing the Parliamentarian‚Äôs guidance here is non binding! It‚Äôs just guidance.

The Senate can still include a path to citizenship in BBB and call a vote on it, which is why we have called on them to do so.",en,[],[],[],521,1285,10091,[],[],https://twitter.com/AOC/status/1471949689524297732,,https://twitter.com/MHackman/status/1471622529299226626,0,,,,,,,,"{'user_id': None, 'username': None}",,,,
1.47194E+18,1.47194E+18,2021-12-17 14:15:47 Central Standard Time,12/17/21,14:15:47,-600,138203134,aoc,Alexandria Ocasio-Cortez,,"Fact is when Dem leadership is really, truly set on something, they use a huge amount of procedural, political, media, &amp; resource tools to force votes in very powerful ways. They do it all the time.

They did it with BIF, they do it with defense, now they need to do it with BBB.",en,[],[],[],247,719,6133,[],[],https://twitter.com/AOC/status/1471937186203422722,,,0,,,,,,,,"{'user_id': '138203134', 'username': 'AOC'}",,,,
1.47194E+18,1.47194E+18,2021-12-17 14:07:36 Central Standard Time,12/17/21,14:07:36,-600,138203134,aoc,Alexandria Ocasio-Cortez,,"Leadership forces votes all the time. 

Bc they know ppl talküí©abt what they‚Äôll support until it‚Äôs vote time

The pressure of voting no+ folks@home seeing IS overwhelming. They even force unnecessary standalone votes like the extra Iron Dome $,which actually belongs in Defense $",en,[],[],[],261,673,5919,[],[],https://twitter.com/AOC/status/1471935129794883585,,https://twitter.com/EricMGarcia/status/1471929370327633920,0,,,,,,,,"{'user_id': None, 'username': None}",,,,
1.49371E+18,1.49371E+18,2022-02-15 16:00:34 Central Standard Time,2/15/22,16:00:34,-600,138203134,aoc,Alexandria Ocasio-Cortez,,"Fox News analysts already reaping the benefits of banning books, I see",en,[],[],[],1297,2536,24548,[],[],https://twitter.com/AOC/status/1493706830433898501,,https://twitter.com/justinbaragona/status/1493704292317999106,0,,,,,,,,"{'user_id': None, 'username': None}",,,,
1.4937E+18,1.4937E+18,2022-02-15 15:51:37 Central Standard Time,2/15/22,15:51:37,-600,138203134,aoc,Alexandria Ocasio-Cortez,,"Thanks! One funny aspect of this is sometimes a detractor will aggressively approach me in person, expecting me to be whatever media has led them to believe, and has no idea what to do after we start talking &amp;they see how misleading it is. The shock creates space for conversation",en,[],[],[],434,724,9198,[],[],https://twitter.com/AOC/status/1493704575559348228,,https://twitter.com/drvolts/status/1493699709851955200,0,,,,,,,,"{'user_id': None, 'username': None}",,,,
1.49307E+18,1.49301E+18,2022-02-13 21:51:49 Central Standard Time,2/13/22,21:51:49,-600,138203134,aoc,Alexandria Ocasio-Cortez,,@waltshaub It really is there! And it‚Äôs thanks to the public pressure and people not letting it go,en,['waltshaub'],[],[],30,75,997,[],[],https://twitter.com/AOC/status/1493070450041233412,,,0,,,,,,,,"{'user_id': '830908366377611266', 'username': 'waltshaub'}",,,,
1.49306E+18,1.49306E+18,2022-02-13 20:55:07 Central Standard Time,2/13/22,20:55:07,-600,138203134,aoc,Alexandria Ocasio-Cortez,,"Like I said, weirdos",en,[],[],[],3211,5479,93126,[],[],https://twitter.com/AOC/status/1493056179400028166,,https://twitter.com/mollyjongfast/status/1493037575677820928,0,,,,,,,,"{'user_id': None, 'username': None}",,,,
1.49305E+18,1.49301E+18,2022-02-13 20:42:51 Central Standard Time,2/13/22,20:42:51,-600,138203134,aoc,Alexandria Ocasio-Cortez,,"@unusual_whales @waltshaub Noted potentially why here- basically it‚Äôs been very difficult to get the votes to actually pass it, amendments are one process option. But if we can start with all of it *and* get the votes needed to pass it without needing amendments, then great üëçüèΩ https://t.co/74EvTE4q0L",en,"['unusual_whales', 'waltshaub']",['https://twitter.com/aoc/status/1493052448658788357?s=21'],[],5,7,95,[],[],https://twitter.com/AOC/status/1493053091414822915,,https://twitter.com/aoc/status/1493052448658788357?s=21,0,,,,,,,,"{'user_id': '1200616796295847936', 'username': 'unusual_whales'}",,,,
1.49305E+18,1.49301E+18,2022-02-13 20:40:17 Central Standard Time,2/13/22,20:40:17,-600,138203134,aoc,Alexandria Ocasio-Cortez,,"@bsdtectr @waltshaub There‚Äôs policy, process, &amp; politics. Policy wise you‚Äôre right,bill should have it from the start. Process/politics wise we may have a hard time getting the votes/mvmt if it starts broad. If we can, great! If not,amdmnt votes could create the necessary public pressure to get it in",en,"['bsdtectr', 'waltshaub']",[],[],8,8,117,[],[],https://twitter.com/AOC/status/1493052448658788357,,,0,,,,,,,,"{'user_id': '338164741', 'username': 'bsdtectr'}",,,,
1.49305E+18,1.49301E+18,2022-02-13 20:28:23 Central Standard Time,2/13/22,20:28:23,-600,138203134,aoc,Alexandria Ocasio-Cortez,,@waltshaub Remember they all can have spousal amendments added/included though!,en,['waltshaub'],[],[],67,129,2571,[],[],https://twitter.com/AOC/status/1493049451102957570,,,0,,,,,,,,"{'user_id': '830908366377611266', 'username': 'waltshaub'}",,,,
1.49294E+18,1.49294E+18,2022-02-13 12:56:22 Central Standard Time,2/13/22,12:56:22,-600,138203134,aoc,Alexandria Ocasio-Cortez,,Ted Cruz could never https://t.co/lGAO45uuy2,en,[],[],[],9865,4213,70890,[],[],https://twitter.com/AOC/status/1492935698156036104,,,1,https://pbs.twimg.com/ext_tw_video_thumb/1492935618770448389/pu/img/wuUQMMoiQ5p4JNHQ.jpg,,,,,,,"{'user_id': None, 'username': None}",,,,
1.49266E+18,1.49266E+18,2022-02-12 18:32:10 Central Standard Time,2/12/22,18:32:10,-600,138203134,aoc,Alexandria Ocasio-Cortez,,Change happens one conversation at a time.,en,[],[],[],590,780,8322,[],[],https://twitter.com/AOC/status/1492657817010032640,,https://twitter.com/KTravisBallie/status/1492637120225333248,0,,,,,,,,"{'user_id': None, 'username': None}",,,,
1.49266E+18,1.49261E+18,2022-02-12 18:28:03 Central Standard Time,2/12/22,18:28:03,-600,138203134,aoc,Alexandria Ocasio-Cortez,,"@cosmosbaby @waltshaub We actually pay into our health insurance (which we get off the ACA exchange) and aren‚Äôt allowed to write off any work expenses - which include a required 2nd residence.

A lot of false rumors circulate about Congressional ‚Äúperks‚Äù but I‚Äôm happy to clarify what they actually are",en,"['cosmosbaby', 'waltshaub']",[],[],15,5,52,[],[],https://twitter.com/AOC/status/1492656783051182081,,,0,,,,,,,,"{'user_id': '49311478', 'username': 'cosmosbaby'}",,,,
1.4926E+18,1.4926E+18,2022-02-12 14:44:33 Central Standard Time,2/12/22,14:44:33,-600,138203134,aoc,Alexandria Ocasio-Cortez,,@KristerJohnson I started watching it this week! It‚Äôs great,en,['kristerjohnson'],[],[],5,10,150,[],[],https://twitter.com/AOC/status/1492600537229017088,,,0,,,,,,,,"{'user_id': '14134146', 'username': 'KristerJohnson'}",,,,
1.4926E+18,1.4926E+18,2022-02-12 14:34:08 Central Standard Time,2/12/22,14:34:08,-600,138203134,aoc,Alexandria Ocasio-Cortez,,üôáüèΩ‚Äç‚ôÄÔ∏è,und,[],[],[],486,1113,19386,[],[],https://twitter.com/AOC/status/1492597912643248136,,https://twitter.com/javierpadillab/status/1492388080556417024,0,,,,,,,,"{'user_id': None, 'username': None}",,,,
1.49181E+18,1.49181E+18,2022-02-10 10:40:28 Central Standard Time,2/10/22,10:40:28,-600,138203134,aoc,Alexandria Ocasio-Cortez,,What are some of your favorite books / resources about housing?,en,[],[],[],4383,781,10527,[],[],https://twitter.com/AOC/status/1491814334938419201,,,0,,,,,,,,"{'user_id': None, 'username': None}",,,,
1.49154E+18,1.49154E+18,2022-02-09 16:48:05 Central Standard Time,2/9/22,16:48:05,-600,138203134,aoc,Alexandria Ocasio-Cortez,,For real though when you see how the GOP openly embrace and leverage fascist members of their party vs how much some Dems run away and frame their own base mobilizers as ‚Äújust as extreme‚Äù it‚Äôs not hard to see how that asymmetry/false equivalence has contributed to where we are,en,[],[],[],926,1879,23036,[],[],https://twitter.com/AOC/status/1491544458550296580,,,0,,,,,,,,"{'user_id': '138203134', 'username': 'AOC'}",,,,
1.49154E+18,1.49154E+18,2022-02-09 16:34:18 Central Standard Time,2/9/22,16:34:18,-600,138203134,aoc,Alexandria Ocasio-Cortez,,At least she leads by example. She clearly banned all books from her house years ago,en,[],[],[],2977,10370,108680,[],[],https://twitter.com/AOC/status/1491540990544519170,,https://twitter.com/JakeSherman/status/1491528752597192713,0,,,,,,,,"{'user_id': None, 'username': None}",,,,
1.49154E+18,1.49154E+18,2022-02-09 16:28:02 Central Standard Time,2/9/22,16:28:02,-600,138203134,aoc,Alexandria Ocasio-Cortez,,"Well, since he decided to bring me into this‚Ä¶

Did you know that Cu√©llar is an anti-choice Dem in a state where women &amp; LGBTQ+ repro rights are under attack?

This district has only gotten bluer, too. It‚Äôs 2022. We really don‚Äôt have to settle for rock bottom. Vote @JCisnerosTX",en,['jcisnerostx'],[],[],310,1586,11279,[],[],https://twitter.com/AOC/status/1491539415902167042,,https://twitter.com/sarahnferris/status/1491133489512595462,0,,,,,,,,"{'user_id': None, 'username': None}",,,,
1.49148E+18,1.49148E+18,2022-02-09 12:32:08 Central Standard Time,2/9/22,12:32:08,-600,138203134,aoc,Alexandria Ocasio-Cortez,,Deep thoughts with Jack Handey over here,en,[],[],[],2227,4213,72964,[],[],https://twitter.com/AOC/status/1491480048947404805,,https://twitter.com/RepThomasMassie/status/1491441851748204546,0,,,,,,,,"{'user_id': None, 'username': None}",,,,
1.49001E+18,1.49001E+18,2022-02-05 11:12:45 Central Standard Time,2/5/22,11:12:45,-600,138203134,aoc,Alexandria Ocasio-Cortez,,Immigrant and Latino communities notice this hypocrisy on immigration big time too,en,[],[],[],590,548,9029,[],[],https://twitter.com/AOC/status/1490010520933605387,,,0,,,,,,,,"{'user_id': '138203134', 'username': 'AOC'}",,,,
1.49001E+18,1.48977E+18,2022-02-05 11:10:36 Central Standard Time,2/5/22,11:10:36,-600,138203134,aoc,Alexandria Ocasio-Cortez,,@BKSunset @jennyaction We also got fully funded NYCHA in BBB,en,"['bksunset', 'jennyaction']",[],[],9,2,16,[],[],https://twitter.com/AOC/status/1490009978882732039,,,0,,,,,,,,"{'user_id': '49230152', 'username': 'BKSunset'}",,,,
1.49001E+18,1.49001E+18,2022-02-05 11:09:13 Central Standard Time,2/5/22,11:09:13,-600,138203134,aoc,Alexandria Ocasio-Cortez,,"It‚Äôs shameful how both parties fight tooth + nail to defend their ability to pump endless public money into militarization.

From tanks in police depts to corrupt military contracts, funding this violence is bipartisan + non-controversial, yet healthcare + housing isn‚Äôt. It‚Äôs BS.",en,[],[],[],1822,5023,36662,[],[],https://twitter.com/AOC/status/1490009629115486212,,https://twitter.com/jherrerx/status/1488957981547020288,0,,,,,,,,"{'user_id': None, 'username': None}",,,,
1.49E+18,1.48977E+18,2022-02-05 10:33:13 Central Standard Time,2/5/22,10:33:13,-600,138203134,aoc,Alexandria Ocasio-Cortez,,"@jennyaction @les3025 We successfully fought for its inclusion in BBB, which is one reason why we insisted it pass with BIF instead of letting it get left behind",en,"['jennyaction', 'les3025']",[],[],6,3,33,[],[],https://twitter.com/AOC/status/1490000572317118466,,,0,,,,,,,,"{'user_id': '828041707128311815', 'username': 'jennyaction'}",,,,
1.49E+18,1.48977E+18,2022-02-05 10:32:49 Central Standard Time,2/5/22,10:32:49,-600,138203134,aoc,Alexandria Ocasio-Cortez,,@jennyaction Agreed,en,['jennyaction'],[],[],10,1,115,[],[],https://twitter.com/AOC/status/1490000470798213124,,,0,,,,,,,,"{'user_id': '828041707128311815', 'username': 'jennyaction'}",,,,
1.48966E+18,1.48966E+18,2022-02-04 12:12:57 Central Standard Time,2/4/22,12:12:57,-600,138203134,aoc,Alexandria Ocasio-Cortez,,"Texans, are you ready? ü§†

We‚Äôre coming in for a major DOUBLE-RALLY next Saturday, Feb 12th to send @GregCasar + @JCisnerosTX to Congress and support community organizing across the state.

This one‚Äôs going to be special.
Join us &amp; RSVP now: https://t.co/55NVE4nEpi",en,"['gregcasar', 'jcisnerostx']",['http://bit.ly/aoc-satx'],[],1335,790,4587,[],[],https://twitter.com/AOC/status/1489663280067059712,,https://twitter.com/GregCasar/status/1489659234774142976,0,,,,,,,,"{'user_id': None, 'username': None}",,,,
1.48939E+18,1.48939E+18,2022-02-03 18:01:53 Central Standard Time,2/3/22,18:01:53,-600,138203134,aoc,Alexandria Ocasio-Cortez,,"On Capitol Hill, interns are often unpaid, many staffers don‚Äôt make a living wage, and lack of work protections can pave the way for unhealthy environments.

@RepAndyLevin is right - sounds like a perfect place for a union. ‚¨áÔ∏è‚¨áÔ∏è",en,['repandylevin'],[],[],1010,1304,10728,[],[],https://twitter.com/AOC/status/1489388703659266049,,https://twitter.com/repandylevin/status/1489363717976436739,0,,,,,,,,"{'user_id': None, 'username': None}",,,,
1.489E+18,1.48899E+18,2022-02-02 16:17:13 Central Standard Time,2/2/22,16:17:13,-600,138203134,aoc,Alexandria Ocasio-Cortez,,"@ryangrim ‚ÄúIf you got time to lean, you got time to clean‚Äù ü•≤",en,['ryangrim'],[],[],121,81,3876,[],[],https://twitter.com/AOC/status/1488999977514942466,,,0,,,,,,,,"{'user_id': '16170253', 'username': 'ryangrim'}",,,,
1.48894E+18,1.48893E+18,2022-02-02 12:03:44 Central Standard Time,2/2/22,12:03:44,-600,138203134,aoc,Alexandria Ocasio-Cortez,,"Cancel vacation. Vote on weekends. Vote for hours. Vote last minute. Call votes when Senators are courting billionaires at fundraisers. They may get apoplectic, but it‚Äôs nothing compared to the people they‚Äôre forcing to sleep without heat in winter, or losing the right to vote.",en,[],[],[],935,2397,20951,[],[],https://twitter.com/AOC/status/1488936184487231493,,,0,,,,,,,,"{'user_id': '138203134', 'username': 'AOC'}",,,,
1.48893E+18,1.48893E+18,2022-02-02 11:57:33 Central Standard Time,2/2/22,11:57:33,-600,138203134,aoc,Alexandria Ocasio-Cortez,,"Actually he should continue to make their lives as difficult as possible and treat them the way they treat, say, public housing residents. Or parents who rely on CTC. When they improve, maybe process can improve too.

Why should we make the lives of obstructionists easier?",en,[],[],[],2162,2572,24374,[],[],https://twitter.com/AOC/status/1488934628295651337,,https://twitter.com/Zachary_Cohen/status/1488868380333461508,0,,,,,,,,"{'user_id': None, 'username': None}",,,,
1.48893E+18,1.48893E+18,2022-02-02 11:45:59 Central Standard Time,2/2/22,11:45:59,-600,138203134,aoc,Alexandria Ocasio-Cortez,,Yeah it‚Äôs bad üò¨,en,[],[],[],1482,1500,30277,[],[],https://twitter.com/AOC/status/1488931717033467911,,https://twitter.com/slpng_giants/status/1488754919389556737,0,,,,,,,,"{'user_id': None, 'username': None}",,,,
1.48892E+18,1.48892E+18,2022-02-02 11:14:34 Central Standard Time,2/2/22,11:14:34,-600,138203134,aoc,Alexandria Ocasio-Cortez,,".@CongressmanRaja, @JoeNeguse and I have worked to ban members of Congress from trading individual stock for YEARS.

Lots of stories about the attempts to sink it - but now, thanks to increased public pressure + attention, we may have a shot.

Keep up the pressure üí™üèΩ it‚Äôs working",en,"['congressmanraja', 'joeneguse']",[],[],598,1283,8763,[],[],https://twitter.com/AOC/status/1488923813869981699,,https://twitter.com/YahooFinance/status/1488914636959363072,0,,,,,,,,"{'user_id': None, 'username': None}",,,,
1.4886E+18,1.4886E+18,2022-02-01 13:38:11 Central Standard Time,2/1/22,13:38:11,-600,138203134,aoc,Alexandria Ocasio-Cortez,,"Seniors, kids, &amp; people with disabilities in my community have been sleeping with bubble jackets on in 18 degree nights, despite paying rent, bc the NYCHA funding to fix their heating and capital needs is in BBB.

Where should I direct them to wait out the cold? Manchin‚Äôs yacht?",en,[],[],[],3832,4345,27936,[],[],https://twitter.com/AOC/status/1488597569127256064,,https://twitter.com/mkraju/status/1488558571562360835,0,,,,,,,,"{'user_id': None, 'username': None}",,,,
1.48313E+18,1.48286E+18,2022-01-17 11:50:04 Central Standard Time,1/17/22,11:50:04,-600,138203134,aoc,Alexandria Ocasio-Cortez,,@kurtbardella Thanks Kurt. Your comment is deeply meaningful as Chair Cummings was a profound influence and mentor in the time we had together. There are no words for how special and powerful of a spirit he was. He‚Äôs in my heart today.,en,['kurtbardella'],[],[],22,58,606,[],[],https://twitter.com/AOC/status/1483134541359644672,,,0,,,,,,,,"{'user_id': '18208368', 'username': 'kurtbardella'}",,,,
1.48144E+18,1.48144E+18,2022-01-12 19:52:14 Central Standard Time,1/12/22,19:52:14,-600,138203134,aoc,Alexandria Ocasio-Cortez,,Find it here: https://t.co/K6JXmCH2Vh,en,[],['https://couragetochangepac.org'],[],222,209,1550,[],[],https://twitter.com/AOC/status/1481443942986133509,,,0,,,,,,,,"{'user_id': '138203134', 'username': 'AOC'}",,,,
1.48144E+18,1.48144E+18,2022-01-12 19:50:17 Central Standard Time,1/12/22,19:50:17,-600,138203134,aoc,Alexandria Ocasio-Cortez,,"Are you running/thinking of running in a local election (ex: council race) to help make things better?

I want to help - especially in tackling our housing crisis. We need people running everywhere. Check out our @CouragetoChange endorsement page to learn more.

Good luck! üó≥",en,['couragetochange'],[],[],770,1132,7282,[],[],https://twitter.com/AOC/status/1481443451896045569,,https://twitter.com/JCColtin/status/1481347940035743747,0,,,,,,,,"{'user_id': None, 'username': None}",,,,
1.47876E+18,1.47876E+18,2022-01-05 09:59:41 Central Standard Time,1/5/22,9:59:41,-600,138203134,aoc,Alexandria Ocasio-Cortez,,"The suggestion that any job is ‚Äúlow skill‚Äù is a myth perpetuated by wealthy interests to justify inhumane working conditions, little/no healthcare, and low wages.

Plus being a waitress has made me and many others *better* at our jobs than those who‚Äôve never known that life.",en,[],[],[],7372,13829,101923,[],[],https://twitter.com/AOC/status/1478758105999679490,,https://twitter.com/AchmatX/status/1478455659054223366,0,,,,,,,,"{'user_id': None, 'username': None}",,,,
1.47729E+18,1.47729E+18,2022-01-01 09:00:04 Central Standard Time,1/1/22,9:00:04,-600,138203134,aoc,Alexandria Ocasio-Cortez,,"Happy New Year everyone üéäü™Ö may we all enjoy a meaningful, healthy, and blessed year to come.",en,[],[],[],6374,4318,101231,[],[],https://twitter.com/AOC/status/1477293553655193603,,,0,,,,,,,,"{'user_id': None, 'username': None}",,,,
1.47701E+18,1.47701E+18,2021-12-31 14:06:11 Central Standard Time,12/31/21,14:06:11,-600,138203134,aoc,Alexandria Ocasio-Cortez,,"The fact that these people are so creepy/weird yet are also the ones responsible for shaping the NEWS HEADLINES we all see in media should be really concerning. 

I don‚Äôt even want to know what knuckle-dragging thoughts these people have all day while covering women in politics",en,[],[],[],3752,1854,38447,[],[],https://twitter.com/AOC/status/1477008202629795842,,,0,,,,,,,,"{'user_id': '138203134', 'username': 'AOC'}",,,,
1.47701E+18,1.47701E+18,2021-12-31 13:57:14 Central Standard Time,12/31/21,13:57:14,-600,138203134,aoc,Alexandria Ocasio-Cortez,,"I‚Äôm glad you felt the need to share that with the world.

Don‚Äôt worry, this is a totally normal thought to have and share as an editor of a right-wing website, and totally doesn‚Äôt prove my point at all.

I hear if you say it enough times you‚Äôll actually start to believe it üòå",en,[],[],[],6678,3857,79108,[],[],https://twitter.com/AOC/status/1477005949181341701,,https://twitter.com/ighaworth/status/1477002294965198857,0,,,,,,,,"{'user_id': None, 'username': None}",,,,
1.477E+18,1.477E+18,2021-12-31 13:46:21 Central Standard Time,12/31/21,13:46:21,-600,138203134,aoc,Alexandria Ocasio-Cortez,,"It‚Äôs starting to get old ignoring the very obvious, strange, and deranged sexual frustrations that underpin the Republican fixation on me, women,&amp; LGBT+ people in general.

These people clearly need therapy, won‚Äôt do it, and use politics as their outlet instead. It‚Äôs really weird",en,[],[],[],14533,6479,96984,[],[],https://twitter.com/AOC/status/1477003212234371072,,,0,,,,,,,,"{'user_id': '138203134', 'username': 'AOC'}",,,,
1.477E+18,1.477E+18,2021-12-31 13:35:27 Central Standard Time,12/31/21,13:35:27,-600,138203134,aoc,Alexandria Ocasio-Cortez,,"If Republicans are mad they can‚Äôt date me they can just say that instead of projecting their sexual frustrations onto my boyfriend‚Äôs feet.

Ya creepy weirdos",en,[],[],[],25486,13679,178999,[],[],https://twitter.com/AOC/status/1477000469318885385,,https://twitter.com/CortesSteve/status/1476913054587797507,0,,,,,,,,"{'user_id': None, 'username': None}",,,,
1.477E+18,1.477E+18,2021-12-31 13:32:25 Central Standard Time,12/31/21,13:32:25,-600,138203134,aoc,Alexandria Ocasio-Cortez,,I‚Äôd also be happy to share some notes from @GovKathyHochul‚Äôs work in NY since he seems to be in need of tips!,en,['govkathyhochul'],[],[],4078,942,19500,[],[],https://twitter.com/AOC/status/1476999703791296515,,,0,,,,,,,,"{'user_id': '138203134', 'username': 'AOC'}",,,,